Lead Organization,Open Call,HQ Country
Babies and Mothers Alive Foundation,Action for Women's Health,Uganda
"Center for Health, Human Rights and Development (CEHURD)",Action for Women's Health,Uganda
DKT Mozambique,Action for Women's Health,Mozambique
Doris Mollel Foundation,Action for Women's Health,Tanzania
Maasai Women Development Organization (MWEDO),Action for Women's Health,Tanzania
WAJAMAMA Foundation,Action for Women's Health,Tanzania
AIDS Foundation of South Africa,Action for Women's Health,South Africa
Friendship Bench,Action for Women's Health,Zimbabwe
Tiko (aka Triggerise South Africa NPC),Action for Women's Health,South Africa
Educational Technology and Research International Bénin (EtriLabs),Action for Women's Health,Benin
Likhaan Center for Women's Health Inc.,Action for Women's Health,Philippines
Yayasan Seribu Cita Bangsa,Action for Women's Health,Indonesia
Aastha (FAITH),Action for Women's Health,Nepal
Cancer Awareness Prevention and Early Detection Trust (CAPED),Action for Women's Health,India
Centre for Advocacy and Research,Action for Women's Health,India
The Antara Foundation,Action for Women's Health,India
Charitable Organization Charitable Foundation Rokada,Action for Women's Health,Ukraine
Foundation for Women’s Health Research and Development (FORWARD),Action for Women's Health,United Kingdom
Maternity Foundation,Action for Women's Health,Denmark
Melissa Network of Migrant Women in Greece,Action for Women's Health,Greece
Mama Cash,Action for Women's Health,The Netherlands
MMV Medicines for Malaria Venture,Action for Women's Health,Switzerland
ASHM Health,Action for Women's Health,Australia
ChildFund Australia,Action for Women's Health,Australia
Les Centres GHESKIO,Action for Women's Health,Haiti
"Centro para los Adolescentes de San Miguel de Allende, A.C.",Action for Women's Health,Mexico
"Grupo de Información en Reproducción Elegida (GIRE), A.C.",Action for Women's Health,Mexico
Mujeres Aliadas,Action for Women's Health,Mexico
Alaska Native Birthworkers Community,Action for Women's Health,US
Alternatives For Girls,Action for Women's Health,US
"Breast Cancer Research Foundation, Inc.",Action for Women's Health,US
Bulamu Healthcare International,Action for Women's Health,US
Center for Child and Family Health,Action for Women's Health,US
Clinton Health Access Initiative (CHAI),Action for Women's Health,US
"Converge, Inc.",Action for Women's Health,US
Corewell Health,Action for Women's Health,US
Direct Relief,Action for Women's Health,US
Evidence Action,Action for Women's Health,US
Family Medicine Education Consortium,Action for Women's Health,US
Family Tree Clinic,Action for Women's Health,US
GEANCO Foundation,Action for Women's Health,US
Healing Together,Action for Women's Health,US
"Health Care Foundation for Ventura County, Inc.",Action for Women's Health,US
"Health Imperatives, Inc.",Action for Women's Health,US
HOME Project USA INC,Action for Women's Health,US
House of Ruth,Action for Women's Health,US
Impact Global Health Alliance,Action for Women's Health,US
International MotherBaby Childbirth Organization Inc,Action for Women's Health,US
International Rescue Committee,Action for Women's Health,US
Jhpiego,Action for Women's Health,US
Kakenya's Dream,Action for Women's Health,US
Lifebox,Action for Women's Health,US
Lwala Community Alliance,Action for Women's Health,US
Maternal and Family Health Services,Action for Women's Health,US
Maya Health Alliance | Wuqu' Kawoq,Action for Women's Health,US
North Carolina A&T State University,Action for Women's Health,US
Nyaka Inc,Action for Women's Health,US
Open Arms Perinatal Services,Action for Women's Health,US
PAI,Action for Women's Health,US
"Phalarope, INC",Action for Women's Health,US
Population Council,Action for Women's Health,US
Preeclampsia Foundation,Action for Women's Health,US
Project Peanut Butter,Action for Women's Health,US
Project Soar Marrakech,Action for Women's Health,US
"""Reaching Our Sisters Everywhere, Inc.""",Action for Women's Health,US
Sakhi for South Asian Survivors,Action for Women's Health,US
Seattle Indian Health Board,Action for Women's Health,US
Shining Hope for Communities (SHOFCO),Action for Women's Health,US
StrongMinds,Action for Women's Health,US
"Sundari Foundation, Inc.",Action for Women's Health,US
The Floating Hospital,Action for Women's Health,US
The Nia Project,Action for Women's Health,US
Tigerlily Foundation,Action for Women's Health,US
"We Care Solar, Inc.",Action for Women's Health,US
West Alabama Women's Center Inc. (DBA WAWC Healthcare),Action for Women's Health,US
Women In Transition,Action for Women's Health,US
Women's Cancer Resource Center,Action for Women's Health,US
"Women's Housing Coalition, Inc.",Action for Women's Health,US
Young Women's Christian Association San Antonio,Action for Women's Health,US
Fundación Baylor Colombia,Action for Women's Health,Colombia
Fundación Huésped,Action for Women's Health,Argentina
SAS Brasil,Action for Women's Health,Brazil
Sinergias,Action for Women's Health,Colombia
